"variable","value"
"smm_consistency",0.462962962962963
"atc_coalition",0.130826210826211
"atc_spd",0.505301982480406
"atc_fdp",0.421715251373046
"atc_green",0.52390022675737
"atc_scholz",0.647858838942111
"atc_lindner",0.540297379032258
"atc_habeck",0.608730158730159
"smm_coalition",0.0436609686609687
"smm_spd",0.433809523809524
"smm_fdp",0.575096948238071
"smm_green",0.616524216524217
"smm_scholz",0.606664870205695
"smm_lindner",0.226918402777778
"smm_habeck",0.254358974358974
