"variable","value"
"smm_consistency",-0.222222222222222
"atc_coalition",0.16507967882116
"atc_spd",0.397708765732898
"atc_fdp",0.0349500713266762
"atc_green",0.120716892573265
"atc_scholz",0.249197004353003
"atc_lindner",0.253446737506103
"atc_habeck",-0.112639153995838
"smm_coalition",-0.0821211484685773
"smm_spd",0.0597216723091456
"smm_fdp",0.0443146878790444
"smm_green",0.408042578356002
"smm_scholz",0.304667947537423
"smm_lindner",0.211608597977929
"smm_habeck",0.00964993181105778
