"variable","value"
"smm_consistency",-0.222222222222222
"atc_coalition",0.16507967882116
"atc_spd",0.427818815450791
"atc_fdp",0.121863247863248
"atc_green",0.311711075690639
"atc_scholz",0.286695594545305
"atc_lindner",0.387135407570049
"atc_habeck",-0.0316001133093984
"smm_coalition",0.0272021841397554
"smm_spd",0.339751342767736
"smm_fdp",0.136625200981637
"smm_green",0.682765664154502
"smm_scholz",0.525543638660104
"smm_lindner",0.171637232272264
"smm_habeck",0.0895452532692103
